{"loss": [[10, 0.009019449353218079], [20, 0.0040421937592327595], [30, 0.01470420602709055], [40, 0.10063070058822632], [50, 0.003175037680193782], [60, 0.041801050305366516], [70, 0.04422180354595184], [80, 0.21019163727760315], [90, 0.00169912981800735], [100, 0.00394863449037075], [110, 0.013607935048639774], [120, 0.02322658896446228], [130, 0.002718007657676935], [140, 0.04994778707623482], [150, 0.041841477155685425], [160, 0.1516086757183075], [170, 0.11863388866186142], [180, 0.006363405380398035], [190, 0.013315649703145027], [200, 0.06293541938066483], [210, 0.0019701560959219933], [220, 0.002912087831646204], [230, 0.1575838327407837], [240, 0.20923952758312225], [250, 0.09885866194963455], [260, 0.002985109109431505], [270, 0.03392632678151131], [280, 0.18188464641571045], [290, 0.34028440713882446], [300, 0.006663884036242962], [310, 0.33137163519859314], [320, 0.03572552651166916], [330, 0.001667511067353189], [340, 0.07637639343738556], [350, 0.3546569347381592], [360, 0.029640838503837585], [370, 0.28059229254722595], [380, 0.18457132577896118], [390, 0.023443959653377533], [400, 0.03654880076646805], [410, 0.30559685826301575], [420, 0.25146883726119995], [430, 0.1998017430305481], [440, 0.1856371909379959], [450, 0.12143851816654205], [460, 0.244690403342247], [470, 0.15146829187870026], [480, 0.001718825427815318], [490, 0.2715381979942322], [500, 0.0906299352645874]], "lr": [[10, 0.0001], [20, 0.0001], [30, 0.0001], [40, 0.0001], [50, 0.0001], [60, 0.0001], [70, 0.0001], [80, 0.0001], [90, 0.0001], [100, 0.0001], [110, 0.0001], [120, 0.0001], [130, 0.0001], [140, 0.0001], [150, 0.0001], [160, 0.0001], [170, 0.0001], [180, 0.0001], [190, 0.0001], [200, 0.0001], [210, 0.0001], [220, 0.0001], [230, 0.0001], [240, 0.0001], [250, 0.0001], [260, 0.0001], [270, 0.0001], [280, 0.0001], [290, 0.0001], [300, 0.0001], [310, 0.0001], [320, 0.0001], [330, 0.0001], [340, 0.0001], [350, 0.0001], [360, 0.0001], [370, 0.0001], [380, 0.0001], [390, 0.0001], [400, 0.0001], [410, 0.0001], [420, 0.0001], [430, 0.0001], [440, 0.0001], [450, 0.0001], [460, 0.0001], [470, 0.0001], [480, 0.0001], [490, 0.0001], [500, 0.0001]], "memory_metrics": []}